ID,First Name,Last Name,Email,Phone,Address,City,State,Zip Code
1,John,Doe,johndoe@example.com,123-456-7890,123 Main St,New York,NY,10001
2,Alice,Smith,alice.smith@example.com,234-567-8901,456 Elm St,Los Angeles,CA,90001
3,Bob,Johnson,bob.johnson@example.com,345-678-9012,789 Oak St,Chicago,IL,60601
4,Emily,Brown,emily.brown@example.com,456-789-0123,987 Pine St,Houston,TX,77001
5,Michael,Wilson,michael.wilson@example.com,567-890-1234,654 Maple St,Miami,FL,33101
6,Jessica,Taylor,jessica.taylor@example.com,678-901-2345,321 Birch St,Philadelphia,PA,19101
7,David,Martinez,david.martinez@example.com,789-012-3456,159 Cedar St,Phoenix,AZ,85001
8,Sarah,Anderson,sarah.anderson@example.com,890-123-4567,753 Walnut St,San Antonio,TX,78201
9,James,Garcia,james.garcia@example.com,901-234-5678,246 Cherry St,San Diego,CA,92101
10,Jennifer,Rodriguez,jennifer.rodriguez@example.com,012-345-6789,852 Pineapple St,Dallas,TX,75201
11,Daniel,Lopez,daniel.lopez@example.com,123-456-7890,753 Orange St,San Jose,CA,95101
12,Linda,Hernandez,linda.hernandez@example.com,234-567-8901,951 Banana St,Austin,TX,73301
13,Christopher,Gonzalez,christopher.gonzalez@example.com,345-678-9012,753 Lemon St,Jacksonville,FL,32201
14,Amanda,Perez,amanda.perez@example.com,456-789-0123,246 Lime St,San Francisco,CA,94101
15,Matthew,Torres,matthew.torres@example.com,567-890-1234,159 Grape St,Indianapolis,IN,46201
16,Ashley,Flores,ashley.flores@example.com,678-901-2345,852 Watermelon St,Columbus,OH,43201
17,Andrew,Rivera,andrew.rivera@example.com,789-012-3456,753 Kiwi St,Fort Worth,TX,76101
18,Jessica,Moore,jessica.moore@example.com,890-123-4567,951 Mango St,Charlotte,NC,28201
19,David,Washington,david.washington@example.com,901-234-5678,246 Papaya St,Detroit,MI,48201
20,Samantha,Clark,samantha.clark@example.com,012-345-6789,753 Avocado St,Seattle,WA,98101
21,Michael,Young,michael.young@example.com,123-456-7890,852 Coconut St,Denver,CO,80201
22,Lauren,Lewis,lauren.lewis@example.com,234-567-8901,246 Peach St,Washington,DC,20001
23,Joshua,Lee,joshua.lee@example.com,345-678-9012,951 Plum St,Boston,MA,02101
24,Megan,Walker,megan.walker@example.com,456-789-0123,753 Fig St,El Paso,TX,79901
25,William,Hall,william.hall@example.com,567-890-1234,159 Orange St,Nashville,TN,37201
26,Kimberly,Allen,kimberly.allen@example.com,678-901-2345,852 Banana St,Milwaukee,WI,53201
27,Tyler,Scott,tyler.scott@example.com,789-012-3456,753 Cherry St,Las Vegas,NV,89101
28,Alyssa,Green,alyssa.green@example.com,890-123-4567,951 Lemon St,Louisville,KY,40201
29,Steven,Hill,steven.hill@example.com,901-234-5678,246 Lime St,Baltimore,MD,21201
30,Nicole,Adams,nicole.adams@example.com,012-345-6789,753 Grape St,Oklahoma City,OK,73101
31,Justin,Baker,justin.baker@example.com,123-456-7890,852 Watermelon St,Portland,OR,97201
32,Katherine,Gonzalez,katherine.gonzalez@example.com,234-567-8901,246 Apple St,Louisville,KY,40201
33,Jonathan,Nelson,jonathan.nelson@example.com,345-678-9012,951 Pear St,Milwaukee,WI,53201
34,Hannah,Carter,hannah.carter@example.com,456-789-0123,753 Plum St,Albuquerque,NM,87101
35,Brandon,Mitchell,brandon.mitchell@example.com,567-890-1234,852 Strawberry St,Tucson,AZ,85701
36,Stephanie,Perez,stephanie.perez@example.com,678-901-2345,159 Blueberry St,Fresno,CA,93701
37,Nicholas,Roberts,nicholas.roberts@example.com,789-012-3456,753 Blackberry St,Sacramento,CA,95801
38,Samantha,Peterson,samantha.peterson@example.com,890-123-4567,951 Raspberry St,Long Beach,CA,90801
39,Christina,Cooper,christina.cooper@example.com,901-234-5678,246 Cranberry St,Kansas City,MO,64101
40,Eric,Henderson,eric.henderson@example.com,012-345-6789,852 Blueberry St,Mesa,AZ,85201
41,Megan,Morales,megan.morales@example.com,123-456-7890,753 Raspberry St,Atlanta,GA,30301
42,Jacob,Sullivan,jacob.sullivan@example.com,234-567-8901,246 Cherry St,Virginia Beach,VA,23450
43,Sarah,Wood,sarah.wood@example.com,345-678-9012,951 Blueberry St,Omaha,NE,68101
44,Lauren,James,lauren.james@example.com,456-789-0123,753 Cherry St,Cleveland,OH,44101
45,Michael,Brown,michael.brown@example.com,567-890-1234,852 Raspberry St,Oakland,CA,94601
46,Alyssa,Wright,alyssa.wright@example.com,678-901-2345,159 Blueberry St,Tulsa,OK,74101
47,Joseph,Gutierrez,joseph.gutierrez@example.com,789-012-3456,753 Raspberry St,Minneapolis,MN,55401
48,Melissa,Myers,melissa.myers@example.com,890-123-4567,951 Strawberry St,Arlington,TX,76001
49,Jordan,Ruiz,jordan.ruiz@example.com,901-234-5678,246 Blueberry St,Bakersfield,CA,93301
50,Samantha,Cook,samantha.cook@example.com,012-345-6789,852 Raspberry St,Honolulu,HI,96801
